HTTP,112.85.171.38:9999
HTTP,112.85.171.38:9999
HTTP,112.85.171.38:9999
HTTPS,222.89.32.180:8070
HTTP,112.87.70.9:9999
HTTPS,112.85.170.3:9999
HTTP,112.87.68.92:9999
HTTPS,211.147.239.101:57281
HTTP,222.89.32.139:9999
HTTPS,113.121.21.61:9999
HTTPS,112.85.131.220:9999
HTTP,112.85.131.59:9999
HTTP,125.46.0.62:53281
HTTP,101.231.234.38:8080
HTTPS,202.104.150.130:33163
HTTP,218.108.175.15:80
HTTP,113.247.252.116:3128
HTTP,180.118.86.21:9000
HTTP,121.79.131.58:8080
HTTP,113.78.254.178:9999
HTTPS,58.250.23.210:1080
HTTP,221.122.91.61:8080
HTTPS,106.15.42.179:33543
HTTPS,112.85.171.201:9999
HTTPS,112.85.128.126:9999
HTTPS,113.121.21.61:9999
HTTPS,112.85.131.220:9999
HTTPS,112.85.129.107:9999
HTTPS,117.90.1.177:9000
HTTPS,112.85.170.151:9999
HTTPS,182.34.34.47:9999
HTTPS,120.83.106.27:9999
HTTP,112.85.171.38:9999
HTTP,112.87.70.9:9999
HTTP,112.87.68.92:9999
HTTP,222.189.191.78:9999
HTTP,112.85.130.7:9999
HTTP,112.85.131.59:9999
HTTP,120.83.107.48:9999
HTTP,112.85.128.40:9999
HTTP,112.87.71.71:9999
HTTP,112.85.131.198:9999
HTTP,112.85.171.38:9999
HTTPS,222.89.32.180:8070
HTTP,112.87.70.9:9999
HTTPS,112.85.170.3:9999
HTTP,112.87.68.92:9999
HTTPS,211.147.239.101:57281
HTTP,222.89.32.139:9999
HTTPS,113.121.21.61:9999
HTTPS,112.85.131.220:9999
HTTP,112.85.131.59:9999
HTTP,125.46.0.62:53281
HTTP,101.231.234.38:8080
HTTPS,202.104.150.130:33163
HTTP,218.108.175.15:80
HTTP,113.247.252.116:3128
HTTP,180.118.86.21:9000
HTTP,121.79.131.58:8080
HTTP,113.78.254.178:9999
HTTPS,58.250.23.210:1080
HTTP,221.122.91.61:8080
HTTPS,106.15.42.179:33543
HTTPS,112.85.171.201:9999
HTTPS,112.85.128.126:9999
HTTPS,113.121.21.61:9999
HTTPS,112.85.131.220:9999
HTTPS,112.85.129.107:9999
HTTPS,117.90.1.177:9000
HTTPS,112.85.170.151:9999
HTTPS,182.34.34.47:9999
HTTPS,120.83.106.27:9999
HTTP,112.85.171.38:9999
HTTP,112.87.70.9:9999
HTTP,112.87.68.92:9999
HTTP,222.189.191.78:9999
HTTP,112.85.130.7:9999
HTTP,112.85.131.59:9999
HTTP,120.83.107.48:9999
HTTP,112.85.128.40:9999
HTTP,112.87.71.71:9999
HTTP,112.85.131.198:9999
HTTP,112.85.171.38:9999
HTTPS,222.89.32.180:8070
HTTP,112.87.70.9:9999
HTTPS,112.85.170.3:9999
HTTP,112.87.68.92:9999
HTTPS,211.147.239.101:57281
HTTP,222.89.32.139:9999
HTTPS,113.121.21.61:9999
HTTPS,112.85.131.220:9999
HTTP,112.85.131.59:9999
HTTP,125.46.0.62:53281
HTTP,101.231.234.38:8080
HTTPS,202.104.150.130:33163
HTTP,218.108.175.15:80
HTTP,113.247.252.116:3128
HTTP,180.118.86.21:9000
HTTP,121.79.131.58:8080
HTTP,113.78.254.178:9999
HTTPS,58.250.23.210:1080
HTTP,221.122.91.61:8080
HTTPS,106.15.42.179:33543
HTTPS,112.85.171.201:9999
HTTPS,112.85.128.126:9999
HTTPS,113.121.21.61:9999
HTTPS,112.85.131.220:9999
HTTPS,112.85.129.107:9999
HTTPS,117.90.1.177:9000
HTTPS,112.85.170.151:9999
HTTPS,182.34.34.47:9999
HTTPS,120.83.106.27:9999
HTTP,112.85.171.38:9999
HTTP,112.87.70.9:9999
HTTP,112.87.68.92:9999
HTTP,222.189.191.78:9999
HTTP,112.85.130.7:9999
HTTP,112.85.131.59:9999
HTTP,120.83.107.48:9999
HTTP,112.85.128.40:9999
HTTP,112.87.71.71:9999
HTTP,112.85.131.198:9999
HTTP,112.85.171.38:9999
HTTPS,222.89.32.180:8070
HTTP,112.87.70.9:9999
HTTPS,112.85.170.3:9999
HTTP,112.87.68.92:9999
HTTPS,211.147.239.101:57281
HTTP,222.89.32.139:9999
HTTPS,113.121.21.61:9999
HTTPS,112.85.131.220:9999
HTTP,112.85.131.59:9999
HTTP,125.46.0.62:53281
HTTP,101.231.234.38:8080
HTTPS,202.104.150.130:33163
HTTP,218.108.175.15:80
HTTP,113.247.252.116:3128
HTTP,180.118.86.21:9000
HTTP,121.79.131.58:8080
HTTP,113.78.254.178:9999
HTTPS,58.250.23.210:1080
HTTP,221.122.91.61:8080
HTTPS,106.15.42.179:33543
HTTPS,112.85.171.201:9999
HTTPS,112.85.128.126:9999
HTTPS,113.121.21.61:9999
HTTPS,112.85.131.220:9999
HTTPS,112.85.129.107:9999
HTTPS,117.90.1.177:9000
HTTPS,112.85.170.151:9999
HTTPS,182.34.34.47:9999
HTTPS,120.83.106.27:9999
HTTP,112.85.171.38:9999
HTTP,112.87.70.9:9999
HTTP,112.87.68.92:9999
HTTP,222.189.191.78:9999
HTTP,112.85.130.7:9999
HTTP,112.85.131.59:9999
HTTP,120.83.107.48:9999
HTTP,112.85.128.40:9999
HTTP,112.87.71.71:9999
HTTP,112.85.131.198:9999
HTTP,112.85.171.38:9999
HTTPS,222.89.32.180:8070
HTTP,112.87.70.9:9999
HTTPS,112.85.170.3:9999
HTTP,112.87.68.92:9999
HTTPS,211.147.239.101:57281
HTTP,222.89.32.139:9999
HTTPS,113.121.21.61:9999
HTTPS,112.85.131.220:9999
HTTP,112.85.131.59:9999
HTTP,125.46.0.62:53281
HTTP,101.231.234.38:8080
HTTPS,202.104.150.130:33163
HTTP,218.108.175.15:80
HTTP,113.247.252.116:3128
HTTP,180.118.86.21:9000
HTTP,121.79.131.58:8080
HTTP,113.78.254.178:9999
HTTPS,58.250.23.210:1080
HTTP,221.122.91.61:8080
HTTPS,106.15.42.179:33543
HTTPS,112.85.171.201:9999
HTTPS,112.85.128.126:9999
HTTPS,113.121.21.61:9999
HTTPS,112.85.131.220:9999
HTTPS,112.85.129.107:9999
HTTPS,117.90.1.177:9000
HTTPS,112.85.170.151:9999
HTTPS,182.34.34.47:9999
HTTPS,120.83.106.27:9999
HTTP,112.85.171.38:9999
HTTP,112.87.70.9:9999
HTTP,112.87.68.92:9999
HTTP,222.189.191.78:9999
HTTP,112.85.130.7:9999
HTTP,112.85.131.59:9999
HTTP,120.83.107.48:9999
HTTP,112.85.128.40:9999
HTTP,112.87.71.71:9999
HTTP,112.85.131.198:9999
HTTP,1.198.72.119:9999
HTTPS,124.93.201.59:59618
HTTPS,112.85.131.34:9999
HTTP,112.85.164.214:9999
HTTP,49.86.178.74:9999
HTTP,113.14.238.23:8118
HTTP,121.233.206.44:9999
HTTPS,112.85.166.220:9999
HTTP,123.245.12.54:8118
HTTP,123.163.96.226:9999
HTTP,112.95.188.3:9797
HTTP,58.249.55.222:9797
HTTPS,183.129.207.80:21776
HTTP,120.76.62.125:3128
HTTP,121.15.254.150:8081
HTTPS,60.211.218.78:53281
HTTPS,61.145.182.27:53281
HTTP,222.74.61.98:53281
HTTPS,124.237.83.14:53281
HTTPS,115.239.248.181:3128
HTTPS,112.85.171.154:9999
HTTPS,112.85.131.34:9999
HTTPS,112.85.131.210:9999
HTTPS,112.87.70.122:9999
HTTPS,1.197.203.241:9999
HTTPS,115.159.116.98:8118
HTTPS,113.7.160.86:8118
HTTPS,112.85.130.238:9999
HTTPS,121.233.207.109:9999
HTTPS,171.11.179.27:9999
HTTP,1.198.72.119:9999
HTTP,112.85.164.214:9999
HTTP,49.86.178.74:9999
HTTP,113.14.238.23:8118
HTTP,121.233.206.44:9999
HTTP,49.86.178.203:9999
HTTP,111.177.113.27:9999
HTTP,123.163.96.226:9999
HTTP,112.85.169.44:9999
HTTP,123.115.245.215:8118
HTTP,1.198.72.119:9999
HTTPS,124.93.201.59:59618
HTTPS,112.85.131.34:9999
HTTP,112.85.164.214:9999
HTTP,49.86.178.74:9999
HTTP,113.14.238.23:8118
HTTP,121.233.206.44:9999
HTTPS,112.85.166.220:9999
HTTP,123.245.12.54:8118
HTTP,123.163.96.226:9999
HTTP,112.95.188.3:9797
HTTP,58.249.55.222:9797
HTTPS,183.129.207.80:21776
HTTP,120.76.62.125:3128
HTTP,121.15.254.150:8081
HTTPS,60.211.218.78:53281
HTTPS,61.145.182.27:53281
HTTP,222.74.61.98:53281
HTTPS,124.237.83.14:53281
HTTPS,115.239.248.181:3128
HTTPS,112.85.171.154:9999
HTTPS,112.85.131.34:9999
HTTPS,112.85.131.210:9999
HTTPS,112.87.70.122:9999
HTTPS,1.197.203.241:9999
HTTPS,115.159.116.98:8118
HTTPS,113.7.160.86:8118
HTTPS,112.85.130.238:9999
HTTPS,121.233.207.109:9999
HTTPS,171.11.179.27:9999
HTTP,1.198.72.119:9999
HTTP,112.85.164.214:9999
HTTP,49.86.178.74:9999
HTTP,113.14.238.23:8118
HTTP,121.233.206.44:9999
HTTP,49.86.178.203:9999
HTTP,111.177.113.27:9999
HTTP,123.163.96.226:9999
HTTP,112.85.169.44:9999
HTTP,123.115.245.215:8118
HTTP,1.198.72.119:9999
HTTPS,124.93.201.59:59618
HTTPS,112.85.131.34:9999
HTTP,112.85.164.214:9999
HTTP,49.86.178.74:9999
HTTP,113.14.238.23:8118
HTTP,121.233.206.44:9999
HTTPS,112.85.166.220:9999
HTTP,123.245.12.54:8118
HTTP,123.163.96.226:9999
HTTP,112.95.188.3:9797
HTTP,58.249.55.222:9797
HTTPS,183.129.207.80:21776
HTTP,120.76.62.125:3128
HTTP,121.15.254.150:8081
HTTPS,60.211.218.78:53281
HTTPS,61.145.182.27:53281
HTTP,222.74.61.98:53281
HTTPS,124.237.83.14:53281
HTTPS,115.239.248.181:3128
HTTPS,112.85.171.154:9999
HTTPS,112.85.131.34:9999
HTTPS,112.85.131.210:9999
HTTPS,112.87.70.122:9999
HTTPS,1.197.203.241:9999
HTTPS,115.159.116.98:8118
HTTPS,113.7.160.86:8118
HTTPS,112.85.130.238:9999
HTTPS,121.233.207.109:9999
HTTPS,171.11.179.27:9999
HTTP,1.198.72.119:9999
HTTP,112.85.164.214:9999
HTTP,49.86.178.74:9999
HTTP,113.14.238.23:8118
HTTP,121.233.206.44:9999
HTTP,49.86.178.203:9999
HTTP,111.177.113.27:9999
HTTP,123.163.96.226:9999
HTTP,112.85.169.44:9999
HTTP,123.115.245.215:8118
HTTP,1.198.72.119:9999
HTTPS,124.93.201.59:59618
HTTPS,112.85.131.34:9999
HTTP,112.85.164.214:9999
HTTP,49.86.178.74:9999
HTTP,113.14.238.23:8118
HTTP,121.233.206.44:9999
HTTPS,112.85.166.220:9999
HTTP,123.245.12.54:8118
HTTP,123.163.96.226:9999
HTTP,112.95.188.3:9797
HTTP,58.249.55.222:9797
HTTPS,183.129.207.80:21776
HTTP,120.76.62.125:3128
HTTP,121.15.254.150:8081
HTTPS,60.211.218.78:53281
HTTPS,61.145.182.27:53281
HTTP,222.74.61.98:53281
HTTPS,124.237.83.14:53281
HTTPS,115.239.248.181:3128
HTTPS,112.85.171.154:9999
HTTPS,112.85.131.34:9999
HTTPS,112.85.131.210:9999
HTTPS,112.87.70.122:9999
HTTPS,1.197.203.241:9999
HTTPS,115.159.116.98:8118
HTTPS,113.7.160.86:8118
HTTPS,112.85.130.238:9999
HTTPS,121.233.207.109:9999
HTTPS,171.11.179.27:9999
HTTP,1.198.72.119:9999
HTTP,112.85.164.214:9999
HTTP,49.86.178.74:9999
HTTP,113.14.238.23:8118
HTTP,121.233.206.44:9999
HTTP,49.86.178.203:9999
HTTP,111.177.113.27:9999
HTTP,123.163.96.226:9999
HTTP,112.85.169.44:9999
HTTP,123.115.245.215:8118
HTTP,1.197.16.230:9999
HTTP,222.189.144.221:9999
HTTP,1.198.72.119:9999
HTTPS,124.93.201.59:59618
HTTPS,112.85.131.34:9999
HTTP,112.85.164.214:9999
HTTP,49.86.178.74:9999
HTTP,113.14.238.23:8118
HTTP,121.233.206.44:9999
HTTPS,112.85.166.220:9999
HTTP,116.252.39.176:53281
HTTP,112.95.188.3:9797
HTTP,58.249.55.222:9797
HTTPS,183.129.207.80:21776
HTTP,120.76.62.125:3128
HTTP,121.15.254.150:8081
HTTPS,60.211.218.78:53281
HTTPS,61.145.182.27:53281
HTTP,222.74.61.98:53281
HTTPS,124.237.83.14:53281
HTTPS,112.85.171.154:9999
HTTPS,112.85.131.34:9999
HTTPS,112.85.131.210:9999
HTTPS,112.87.70.122:9999
HTTPS,1.197.203.241:9999
HTTPS,115.159.116.98:8118
HTTPS,113.7.160.86:8118
HTTPS,112.85.130.238:9999
HTTPS,121.233.207.109:9999
HTTPS,171.11.179.27:9999
HTTP,116.252.39.176:53281
HTTP,60.13.42.201:9999
HTTP,114.249.117.178:9000
HTTP,1.198.72.119:9999
HTTP,112.85.164.214:9999
HTTP,49.86.178.74:9999
HTTP,113.14.238.23:8118
HTTP,121.233.206.44:9999
HTTP,49.86.178.203:9999
HTTP,111.177.113.27:9999
